                  epoch,         train/box_loss,         train/cls_loss,         train/dfl_loss,   metrics/precision(B),      metrics/recall(B),       metrics/mAP50(B),    metrics/mAP50-95(B),           val/box_loss,           val/cls_loss,           val/dfl_loss,                 lr/pg0,                 lr/pg1,                 lr/pg2
                      1,                0.88446,                 3.4727,                 1.2905,                0.25546,                  0.995,                0.96826,                0.77651,                0.56802,                 3.7274,                 1.0614,               0.000125,               0.000125,               0.000125
                      2,                 0.5525,                 1.5149,                 1.0454,                0.98619,                  0.835,                0.97916,                0.82949,                 0.6035,                 2.9843,                 1.0692,             0.00020451,             0.00020451,             0.00020451
                      3,                0.47813,                 1.0809,                 0.9879,                0.94483,                  0.942,                0.97813,                 0.8574,                0.51839,                 2.1113,                 1.0033,             0.00023254,             0.00023254,             0.00023254
                      4,                 0.4342,                0.97644,                0.98205,                0.97012,                  0.985,                0.99151,                0.87044,                 0.4966,                 1.7134,                0.95713,               0.000203,               0.000203,               0.000203
                      5,                0.43309,                0.92461,                  0.953,                0.98292,                   0.98,                0.99355,                0.91417,                0.43608,                 1.4491,                0.92244,               0.000203,               0.000203,               0.000203
